Feature ID	Taxon	Confidence
#q2:types	categorical	categorical
fd79f10e616ba1898ffe52347238a7f1	k__Bacteria; p__Bacteroidetes; c__Bacteroidia; o__Bacteroidales; f__S24-7; g__; s__	0.9696408046634886
eb4e50f92133b60a52a379c274858e9f	k__Bacteria; p__Firmicutes; c__Clostridia; o__Clostridiales	0.9834292337519074
12572f1ddf6a2f283313f77b79766143	k__Bacteria; p__Bacteroidetes; c__Bacteroidia; o__Bacteroidales; f__Rikenellaceae; g__; s__	0.9952768544297682
e2e2f45b2828be198c247fa0df62d25b	k__Bacteria; p__Firmicutes; c__Clostridia; o__Clostridiales; f__Ruminococcaceae; g__Ruminococcus; s__	0.7358861493014183
5052921d265aabfd0da08ecd6e7b1ea8	k__Bacteria; p__Bacteroidetes; c__Bacteroidia; o__Bacteroidales; f__Rikenellaceae; g__; s__	0.9995892037007934
02d8ddd08f0a93fce6b6af30ed0fbc07	k__Bacteria; p__Proteobacteria; c__Betaproteobacteria; o__Burkholderiales; f__Alcaligenaceae; g__Sutterella; s__	0.9989382439771285
da8efb3ed40a69fe0b77cc30b5c0201d	k__Bacteria; p__Bacteroidetes; c__Bacteroidia; o__Bacteroidales; f__Bacteroidaceae; g__Bacteroides; s__acidifaciens	0.8125269066431183
a00506c918ee1bc46c46e137954ad439	k__Bacteria; p__TM7; c__TM7-3; o__CW040; f__F16; g__; s__	0.9998863560621295
289e2890e67a815e32a7f3cb49642368	k__Bacteria; p__Firmicutes; c__Clostridia; o__Clostridiales; f__Ruminococcaceae; g__Oscillospira; s__	0.7527940960722458
6ac4563b1f716e30f8db784ed7630024	k__Bacteria; p__Firmicutes; c__Clostridia; o__Clostridiales; f__Ruminococcaceae; g__Oscillospira; s__	0.999823923814218
347f478841db892b0f8c216e933855d1	k__Bacteria; p__Bacteroidetes; c__Bacteroidia; o__Bacteroidales; f__S24-7; g__; s__	0.9756398745294111
015746bd7b4bbf3adc7873cf874f64ff	k__Bacteria; p__Bacteroidetes; c__Bacteroidia; o__Bacteroidales; f__[Paraprevotellaceae]; g__[Prevotella]; s__	0.9781197315898617
65da3886b057d752ec4f30d30cb7d74c	k__Bacteria; p__Firmicutes; c__Clostridia; o__Clostridiales; f__Lachnospiraceae	0.9454298195623256
9bd14149321cb029ad99fb698ff9e582	k__Bacteria; p__Bacteroidetes; c__Bacteroidia; o__Bacteroidales; f__Rikenellaceae; g__; s__	0.9879679097947883
a5ca7a547dd66b33dc0eb9629879c173	k__Bacteria; p__Firmicutes; c__Clostridia; o__Clostridiales	0.9947715724080676
509736471cf546d48264931d6280b22b	k__Bacteria; p__Bacteroidetes; c__Bacteroidia; o__Bacteroidales; f__S24-7; g__; s__	0.9995773751907211
0bd368c037a4bc0d550e94542f8998cf	k__Bacteria; p__Firmicutes; c__Clostridia; o__Clostridiales	0.9981224831533143
bfe219bd84d17b8a26bf10ce134b53cd	k__Bacteria	0.9988676963238057
1a277a6489122567d9d7c4a7345b4ffe	k__Bacteria	0.9977338252681367
41e060f4150ac48df6365631cfe85245	k__Bacteria; p__Firmicutes; c__Clostridia; o__Clostridiales; f__Ruminococcaceae; g__Oscillospira; s__	0.8617881242222529
c5ca2bc4bcce1be28fbc320bc1623054	k__Bacteria; p__Proteobacteria; c__Alphaproteobacteria; o__RF32; f__; g__; s__	0.9998355418605307
3ec81447e5349e1ddadbced2690c0028	k__Bacteria	0.9993310003347353
209a6d6c643d329df7f5fffff1a7f2a8	k__Bacteria; p__Bacteroidetes; c__Bacteroidia; o__Bacteroidales; f__Bacteroidaceae; g__Bacteroides; s__acidifaciens	0.719837813660883
32b5d60a7ea53279487f336827e8fdbf	k__Bacteria; p__Tenericutes; c__Mollicutes; o__RF39; f__; g__; s__	0.985175561368948
9cec1b9316de53943bac0a3f6bb73e3f	k__Bacteria; p__Firmicutes; c__Clostridia; o__Clostridiales; f__Ruminococcaceae; g__Ruminococcus; s__	0.9962226955069435
7b8cf114d69eda6add5356398cc77ffa	k__Bacteria	0.9965725370083454
e1953aeee095ccfb9a8b3585f5dd0820	k__Bacteria; p__Bacteroidetes; c__Bacteroidia; o__Bacteroidales; f__S24-7; g__; s__	0.9943757260888964
86bc2d1549f712f972aeda948a749822	k__Bacteria; p__Firmicutes; c__Clostridia; o__Clostridiales; f__Ruminococcaceae	0.7933514937899669
bce75d366435933dc42769a72dcb66f8	k__Bacteria; p__Firmicutes; c__Clostridia; o__Clostridiales	0.9096841207927425
e09495a0a57c0e56658afa89a11fe0e9	k__Bacteria; p__Bacteroidetes; c__Bacteroidia; o__Bacteroidales; f__Rikenellaceae; g__AF12; s__	0.99879378504258
41268683240368ea6d61297f91945649	k__Bacteria; p__Bacteroidetes; c__Bacteroidia; o__Bacteroidales; f__S24-7; g__; s__	0.998581721913774
bdce20ab51b6136201e88be104a3fd31	k__Bacteria; p__Firmicutes; c__Clostridia; o__Clostridiales; f__Lachnospiraceae	0.8787448127844127
a015f8d8dc58f511f375b0fe0e3a471f	k__Bacteria; p__Proteobacteria; c__Gammaproteobacteria; o__Enterobacteriales; f__Enterobacteriaceae; g__Escherichia; s__coli	0.7926576471287583
9e09959d649b86faddb92d9898a90498	k__Bacteria; p__Bacteroidetes; c__Bacteroidia; o__Bacteroidales; f__Bacteroidaceae; g__Bacteroides; s__	0.9980928017343855
fa3138c92d57767c40c38398792a82cd	k__Bacteria; p__Firmicutes; c__Clostridia; o__Clostridiales	0.7902096291469499
8989588b1911315b8d3632b0807f43db	k__Bacteria; p__TM7; c__TM7-3; o__CW040; f__F16; g__; s__	0.999917704361675
2f5b05e0c3faef1bef6fd24b94d7abd8	k__Bacteria; p__Bacteroidetes; c__Bacteroidia; o__Bacteroidales; f__Porphyromonadaceae; g__Parabacteroides; s__distasonis	0.9998940719977815
f099e3679f10a7b16c9e97792008bfa3	k__Bacteria; p__Bacteroidetes; c__Bacteroidia; o__Bacteroidales; f__S24-7; g__; s__	0.9656282511164058
68c16eaa9969761e17f3e91d61cd6a2d	k__Bacteria; p__Bacteroidetes; c__Bacteroidia; o__Bacteroidales; f__Bacteroidaceae; g__Bacteroides; s__acidifaciens	0.8194136124643926
efbd2e0578acbf1c5d08eda4576fe9e1	k__Bacteria; p__Actinobacteria; c__Coriobacteriia; o__Coriobacteriales; f__Coriobacteriaceae; g__; s__	0.8472185724634873
596575cb5ed671d8834ff8402e97d3a7	k__Bacteria; p__Firmicutes; c__Bacilli; o__Lactobacillales; f__Lactobacillaceae; g__Lactobacillus; s__reuteri	0.9622097002702651
3ad9a599370c1eb44011e645343ab539	k__Bacteria; p__Bacteroidetes; c__Bacteroidia; o__Bacteroidales; f__S24-7; g__; s__	0.9706946635135261
7e7f6749a8e7a3c08afa73d7102e9fea	k__Bacteria; p__Firmicutes; c__Clostridia; o__Clostridiales; f__; g__; s__	0.7328285597169959
7ea5e0fb9b29646208d1f1a5854f7a33	k__Bacteria; p__Firmicutes; c__Clostridia; o__Clostridiales; f__Dehalobacteriaceae; g__Dehalobacterium; s__	0.9997513944332612
2715dc7241a98004f8e9f1e9aa8f5aee	k__Bacteria; p__Firmicutes; c__Clostridia; o__Clostridiales; f__Ruminococcaceae; g__Oscillospira; s__	0.9623751480103688
a4a11278881d9af9b526db238aa2fa65	k__Bacteria; p__Bacteroidetes; c__Bacteroidia; o__Bacteroidales; f__S24-7; g__; s__	0.9999540467920699
81f7513a43e68402a6497618c2f4b5d7	k__Bacteria; p__Bacteroidetes; c__Bacteroidia; o__Bacteroidales; f__S24-7; g__; s__	0.9397986022840443
8f16c29d9c7e94f5d01d9a306db05e5d	k__Bacteria	0.9880967691338232
ee90b13382f208144301c1033cc00595	k__Bacteria; p__Bacteroidetes; c__Bacteroidia; o__Bacteroidales; f__Bacteroidaceae; g__Bacteroides; s__acidifaciens	0.7783194211719185
3d2fc4496e6b17ea18d39cdb96374e7c	k__Bacteria; p__Firmicutes; c__Clostridia; o__Clostridiales; f__Lachnospiraceae	0.7918325425590327
fcd579482bdaf1ddf742e287cf33a2da	k__Bacteria; p__Firmicutes; c__Clostridia; o__Clostridiales	0.7084794112358178
7c9b30f4a589aef6cfa3d7bd98db7529	k__Bacteria; p__Firmicutes; c__Clostridia; o__Clostridiales; f__Lachnospiraceae	0.7732050498798806
294fe44f26e8e4626af2f1124556ae45	k__Bacteria	0.9854288736387812
ded1189ed61e01afb80141c8abe3825f	k__Bacteria; p__Bacteroidetes; c__Bacteroidia; o__Bacteroidales; f__[Odoribacteraceae]; g__Odoribacter; s__	0.9992992688441329
9146758b3d6456e99ef1a6a993ef4797	k__Bacteria; p__Bacteroidetes; c__Bacteroidia; o__Bacteroidales; f__S24-7; g__; s__	0.9967684066337287
890fda1078e61c5cc9683b12ce0db9e1	k__Bacteria; p__Bacteroidetes; c__Bacteroidia; o__Bacteroidales; f__S24-7; g__; s__	0.9996535352239254
77a268a9d9d58c7caa6b1145a67d27a0	k__Bacteria; p__Firmicutes; c__Clostridia; o__Clostridiales; f__Ruminococcaceae; g__Oscillospira; s__	0.9984474532248643
873019d5df974e01b54ab925979d1b7a	k__Bacteria; p__Bacteroidetes; c__Bacteroidia; o__Bacteroidales; f__S24-7; g__; s__	0.9948121008570384
edd37b926157edda49c0ddbce0378c6d	k__Bacteria; p__Firmicutes; c__Clostridia; o__Clostridiales; f__Lachnospiraceae	0.7764655340307212
40c4cc225bb1c616f71ca12573737d31	k__Bacteria; p__Bacteroidetes; c__Bacteroidia; o__Bacteroidales; f__Rikenellaceae; g__; s__	0.9990943246596878
851d6ac5eca553d5c1a6db5396262cc5	k__Bacteria; p__Bacteroidetes; c__Bacteroidia; o__Bacteroidales; f__S24-7; g__; s__	0.9994528394262039
34b8480ec653fac39cfa9d08274b16c5	k__Bacteria; p__Firmicutes; c__Bacilli; o__Lactobacillales; f__Lactobacillaceae; g__Lactobacillus; s__	0.9934824446134985
49a7a3dbcdd241d6053a42a5e761ff1b	k__Bacteria; p__Proteobacteria; c__Betaproteobacteria; o__Burkholderiales; f__Alcaligenaceae; g__Sutterella; s__	0.9999044790093846
8a4c8cd74e710266fb931a3f7e372e15	k__Bacteria; p__Firmicutes; c__Clostridia; o__Clostridiales; f__Lachnospiraceae	0.9341968750239258
cb9143bd5fdef119fa5d587030d56de9	k__Bacteria	0.9858719426742641
9e24a04fb5b766c58012bad397e8709c	k__Bacteria; p__Bacteroidetes; c__Bacteroidia; o__Bacteroidales; f__S24-7; g__; s__	0.9992336349556806
61e894728e37e2b328ecf8200a151d51	k__Bacteria; p__Bacteroidetes; c__Bacteroidia; o__Bacteroidales; f__S24-7; g__; s__	0.9976110635253704
6c8538a99c91947994d4cab5bf6df59f	k__Bacteria; p__Bacteroidetes; c__Bacteroidia; o__Bacteroidales; f__S24-7; g__; s__	0.9871410680582855
b18e5b899d4150a678c8b6c2ea887bae	k__Bacteria; p__Bacteroidetes; c__Bacteroidia; o__Bacteroidales; f__S24-7; g__; s__	0.9986879466139984
befef064c31225a227e09e2d7733dc8b	k__Bacteria; p__Firmicutes; c__Clostridia; o__Clostridiales; f__Ruminococcaceae; g__Anaerotruncus; s__	0.972354329922501
77527999fdc94c0ba4eb026dfdea9621	k__Bacteria; p__Bacteroidetes; c__Bacteroidia; o__Bacteroidales; f__S24-7; g__; s__	0.9999377119568181
4de50f00b5c793f290b030117a0393b5	k__Bacteria; p__Firmicutes; c__Clostridia; o__Clostridiales; f__Ruminococcaceae; g__Oscillospira; s__	0.9986943663611592
b741798345a3edd5723ad9df0c6a8f54	k__Bacteria; p__Firmicutes; c__Clostridia; o__Clostridiales; f__Lachnospiraceae	0.9115447571863186
b7e2ef9d2194c88c5af0e5e2b121cbf0	k__Bacteria; p__Bacteroidetes; c__Bacteroidia; o__Bacteroidales; f__S24-7; g__; s__	0.9931829738498867
1bcb9a114ad3de77c374cb86344d17e3	k__Bacteria; p__Actinobacteria; c__Coriobacteriia; o__Coriobacteriales; f__Coriobacteriaceae; g__; s__	0.8344753262767108
ef20ec88af22034fc81db71d7d183bd8	k__Bacteria; p__Firmicutes; c__Clostridia; o__Clostridiales	0.9874948939588387
299c0188a0a71152f422c5a5904aace4	k__Bacteria; p__Bacteroidetes; c__Bacteroidia; o__Bacteroidales; f__S24-7; g__; s__	0.9930164891952337
4005e151338777506d1463d775814957	k__Bacteria; p__Bacteroidetes; c__Bacteroidia; o__Bacteroidales; f__S24-7; g__; s__	0.9995389601316557
270da116f3594cd4fed07c854ab7b63f	k__Bacteria; p__Proteobacteria; c__Gammaproteobacteria; o__Enterobacteriales; f__Enterobacteriaceae; g__Escherichia; s__coli	0.7143378326570464
856655f7079f201f9c15f7f4de83d113	k__Bacteria; p__Firmicutes; c__Clostridia; o__Clostridiales; f__Ruminococcaceae; g__Oscillospira; s__	0.9950386894371457
e9b8cc6b90ed69d3d90bb3daca8274e3	k__Bacteria; p__Firmicutes; c__Clostridia; o__Clostridiales; f__Dehalobacteriaceae; g__Dehalobacterium; s__	0.9953558729951599
ee4e0ed715e7a9a00eb06b7015f8a5e6	k__Bacteria; p__Cyanobacteria; c__4C0d-2; o__YS2; f__; g__; s__	0.9955780713174548
f979607e966ab31444244f984ba29eb6	k__Bacteria; p__Bacteroidetes; c__Bacteroidia; o__Bacteroidales; f__Bacteroidaceae; g__Bacteroides; s__acidifaciens	0.7644775241305872
144a6e3cd92c722ef1383489729b34cb	k__Bacteria; p__Bacteroidetes; c__Bacteroidia; o__Bacteroidales; f__S24-7; g__; s__	0.9816092596700974
59da1fdc0348ccaaf167bfc788ec40c5	k__Bacteria; p__Firmicutes; c__Clostridia; o__Clostridiales	0.8405892446329184
2acd3288142d45eda3e5ba3d50482978	k__Bacteria; p__Firmicutes; c__Clostridia; o__Clostridiales; f__Ruminococcaceae	0.7624822435309033
27a85c27601de4f05d5ccbfdff2533e7	k__Bacteria; p__Firmicutes; c__Clostridia; o__Clostridiales; f__Ruminococcaceae; g__Oscillospira; s__	0.9978521086506986
f8c5cbb5231af6eaac70a9627ceb768e	k__Bacteria; p__Proteobacteria; c__Deltaproteobacteria; o__Desulfovibrionales; f__Desulfovibrionaceae; g__Desulfovibrio; s__C21_c20	0.9999981801143538
57789e014b4b9eb766b090e2c8ed67b9	k__Bacteria; p__Bacteroidetes; c__Bacteroidia; o__Bacteroidales; f__Rikenellaceae; g__; s__	0.9978901626121539
847ba03517826eed96570529383a67d3	k__Bacteria; p__Firmicutes; c__Clostridia; o__Clostridiales; f__[Mogibacteriaceae]; g__; s__	0.9966576944002324
3d14450e4f7476e31f927412882bfba7	k__Bacteria	0.9994562798974654
f4247b3ff79e0bcfa8f5b809526c84db	k__Bacteria; p__Firmicutes; c__Clostridia; o__Clostridiales; f__Lachnospiraceae	0.8155069745236272
6ccc57d2bd067fcfbe4decfc4ff8cc3e	k__Bacteria; p__Bacteroidetes; c__Bacteroidia; o__Bacteroidales; f__S24-7; g__; s__	0.9867289403274628
58645dc1e71b339eb534ff2106b9a105	k__Bacteria; p__Bacteroidetes; c__Bacteroidia; o__Bacteroidales; f__Bacteroidaceae; g__Bacteroides; s__acidifaciens	0.794653034802678
1b918f4b4c3fe9c2cd307389979aca22	k__Bacteria; p__Firmicutes; c__Clostridia; o__Clostridiales; f__; g__; s__	0.7773606403079552
546ab310730bb4c063503a8d3816a5de	k__Bacteria; p__Bacteroidetes; c__Bacteroidia; o__Bacteroidales; f__[Paraprevotellaceae]; g__[Prevotella]; s__	0.9633634021123944
d3cf2cfa63cc3308ce658d17803e5cb5	k__Bacteria; p__Bacteroidetes; c__Bacteroidia; o__Bacteroidales; f__S24-7; g__; s__	0.9954165125097502
61070907d21bfd9a3317a731a7830d04	k__Bacteria; p__Bacteroidetes; c__Bacteroidia; o__Bacteroidales; f__Prevotellaceae; g__Prevotella; s__	0.7469573211190317
8fd7c03d6fd1955d6f0dc9acbed72147	k__Bacteria; p__Firmicutes; c__Clostridia; o__Clostridiales	0.9991209401091234
71e7b83d214e411d51a1f03189703b34	k__Bacteria; p__Firmicutes; c__Clostridia; o__Clostridiales; f__Ruminococcaceae	0.8418440328384953
340ebe5381baa49ce4666a399e8ed572	k__Bacteria; p__Bacteroidetes; c__Bacteroidia; o__Bacteroidales; f__S24-7; g__; s__	0.986188064365294
a7965fb6affcd1d3fe8130f597ba4334	k__Bacteria; p__Bacteroidetes; c__Bacteroidia; o__Bacteroidales; f__S24-7; g__; s__	0.9970505407739453
d41e7c2aa5e64e8e0261562cf64ae1ab	k__Bacteria; p__Firmicutes; c__Clostridia; o__Clostridiales; f__Ruminococcaceae; g__Oscillospira; s__	0.9996824247425546
dc064849e06c0558b662cc6485d88cba	k__Bacteria; p__Firmicutes; c__Clostridia; o__Clostridiales	0.9998660156047359
0c51d9546444910b8ac2885feb3b462b	k__Bacteria; p__Bacteroidetes; c__Bacteroidia; o__Bacteroidales; f__S24-7; g__; s__	0.865986351888587
2592efef9cda78793b6f41757c782ce0	k__Bacteria; p__TM7; c__TM7-3; o__CW040; f__F16; g__; s__	0.99992226236232
c7c61e34b43c717c9f8f154f3d053380	k__Bacteria; p__Bacteroidetes; c__Bacteroidia; o__Bacteroidales; f__S24-7; g__; s__	0.9945811812984943
99f7869ad15642a92273e7b37aff6055	k__Bacteria; p__Firmicutes; c__Clostridia; o__Clostridiales	0.9993130283536505
4525a09f23171543382482fac08e64af	k__Bacteria; p__Bacteroidetes; c__Bacteroidia; o__Bacteroidales; f__S24-7; g__; s__	0.996401463322925
7673029681d81825e55ac12bb61ef60f	k__Bacteria; p__Bacteroidetes; c__Bacteroidia; o__Bacteroidales; f__S24-7; g__; s__	0.9995867814532435
c46445427d5eb3d3690981ae91c8fbac	k__Bacteria; p__Bacteroidetes; c__Bacteroidia; o__Bacteroidales; f__S24-7; g__; s__	0.9988898127456433
88701dc23dfec3a34a25b789d3fb0667	k__Bacteria; p__Bacteroidetes; c__Bacteroidia; o__Bacteroidales; f__Rikenellaceae; g__; s__	0.9992583697550474
af615e73a3fefa66216cdb297cf39a26	k__Bacteria; p__Bacteroidetes; c__Bacteroidia; o__Bacteroidales; f__S24-7; g__; s__	0.9438664871052568
992095aa19bccf236a3ee4a182795ca3	k__Bacteria; p__Bacteroidetes; c__Bacteroidia; o__Bacteroidales; f__Porphyromonadaceae; g__Parabacteroides; s__distasonis	0.9999388383604522
e27e054e19a9736a666974ddbfa6e1d7	k__Bacteria; p__Firmicutes; c__Clostridia; o__Clostridiales; f__Lachnospiraceae	0.8151177323692449
ac773d7bce49505a2dc75868d6e6d830	k__Bacteria; p__Proteobacteria; c__Betaproteobacteria; o__Burkholderiales	0.7195718764641763
ca42c52ac4336201404f5880262e5f3a	k__Bacteria; p__Bacteroidetes; c__Bacteroidia; o__Bacteroidales; f__[Paraprevotellaceae]; g__[Prevotella]; s__	0.9649502979369007
0800812d1aae320209cf20f48b52e063	k__Bacteria; p__Bacteroidetes; c__Bacteroidia; o__Bacteroidales; f__[Odoribacteraceae]; g__Odoribacter; s__	0.9996352928586306
c6dcbd15b0947828693edac2324b6318	k__Bacteria; p__Bacteroidetes; c__Bacteroidia; o__Bacteroidales; f__S24-7; g__; s__	0.9997435314006685
1d1c918fccb37d4e163a10f6c24921f0	k__Bacteria	0.9920287845147401
e23767fe7eecd685d0ba181e4afeb94f	k__Bacteria; p__Bacteroidetes; c__Bacteroidia; o__Bacteroidales; f__S24-7; g__; s__	0.8294450517043639
b4633f4db6f2b3bfae81133a6c6a6d54	k__Bacteria; p__Proteobacteria; c__Deltaproteobacteria; o__Desulfovibrionales; f__Desulfovibrionaceae; g__Desulfovibrio; s__C21_c20	0.999998733162307
c6be0e2a5abeb3a0d3111d875a7c3c6a	k__Bacteria; p__Bacteroidetes; c__Bacteroidia; o__Bacteroidales; f__Prevotellaceae; g__Prevotella	0.8130853728833805
8861e12833c186a2411078366fc36da0	k__Bacteria; p__Firmicutes; c__Clostridia; o__Clostridiales; f__Ruminococcaceae	0.9427664667063137
e1b8657e8a3ef8106aea83b9aa119af2	k__Bacteria; p__Bacteroidetes; c__Bacteroidia; o__Bacteroidales; f__S24-7; g__; s__	0.9995537901589905
3005b46bad25b31108ea1f0771e1ba82	k__Bacteria; p__Bacteroidetes; c__Bacteroidia; o__Bacteroidales; f__S24-7; g__; s__	0.9773454165133404
8e6cd6eab22ebdd93e238f96ac664d3a	k__Bacteria	0.9985821757766373
6f42f44b30284c632ac7963053a79833	k__Bacteria; p__Firmicutes; c__Clostridia; o__Clostridiales; f__Lachnospiraceae	0.9706783241548347
96a3fac30bf9b0410342f3cb4c114016	k__Bacteria; p__Bacteroidetes; c__Bacteroidia; o__Bacteroidales; f__S24-7; g__; s__	0.9995364717356751
44d61c70b21e5f3190b5413ccdaa5742	k__Bacteria; p__Bacteroidetes; c__Bacteroidia; o__Bacteroidales; f__[Odoribacteraceae]; g__Odoribacter; s__	0.9995161606068299
20216ec4d3494ca69e58d75ccf7a3d13	k__Bacteria; p__Deferribacteres; c__Deferribacteres; o__Deferribacterales; f__Deferribacteraceae; g__Mucispirillum; s__schaedleri	0.9999963786774146
6b9c8974465e12fa1ce305a5af991120	k__Bacteria; p__Bacteroidetes; c__Bacteroidia; o__Bacteroidales; f__Rikenellaceae; g__; s__	0.9994880419394541
28876aab2ed0b0c214ea2b8f8154d60f	k__Bacteria; p__Firmicutes; c__Clostridia; o__Clostridiales; f__Lachnospiraceae	0.9387552395321495
64056345f4c50eb4136f1755a6f42f37	k__Bacteria; p__Firmicutes; c__Clostridia; o__Clostridiales	0.7067923342023044
75c70724fb35e6bb174a0041caf83a63	k__Bacteria; p__Bacteroidetes; c__Bacteroidia; o__Bacteroidales; f__S24-7; g__; s__	0.9978056658964072
abb2af3e65f5066c1e11ebc4b78ec019	k__Bacteria; p__Cyanobacteria; c__4C0d-2; o__YS2; f__; g__; s__	0.9867357466926995
b7745ad7620a6e15ab8baa79abad373b	k__Bacteria; p__Firmicutes; c__Clostridia; o__Clostridiales; f__; g__; s__	0.7516462206229417
4eec037c4c44a1e428ef251f3467209e	k__Bacteria; p__Bacteroidetes; c__Bacteroidia; o__Bacteroidales; f__S24-7; g__; s__	0.7938049282985732
bf2ae44fea8f08530ffc6e984d9d2f00	k__Bacteria	0.9986631303901358
e41b9f1517fdb201d3683ce0f57c701d	k__Bacteria; p__Bacteroidetes; c__Bacteroidia; o__Bacteroidales; f__S24-7; g__; s__	0.9982821925802295
018527ccce8e47e63d1143d1dc101069	k__Bacteria; p__Bacteroidetes; c__Bacteroidia; o__Bacteroidales; f__S24-7; g__; s__	0.9989257278566984
da5c6d78ce070e08555b41ec7668213b	k__Bacteria; p__Firmicutes; c__Clostridia; o__Clostridiales	0.7310627957118736
b0d3d4b9fc7667a1919f696203fcb516	k__Bacteria; p__Bacteroidetes; c__Bacteroidia; o__Bacteroidales; f__S24-7; g__; s__	0.9377985267942807
e211a67eea6f1a5830aed6aa82fa390d	k__Bacteria; p__Firmicutes; c__Clostridia; o__Clostridiales; f__Lachnospiraceae	0.952406709168382
fb3bda683f12ae2c8303ad2bae8e7c4a	k__Bacteria; p__Bacteroidetes; c__Bacteroidia; o__Bacteroidales; f__Bacteroidaceae; g__Bacteroides; s__	0.9993707054760201
d6f8b4f080caf57025c7381b66b53b62	k__Bacteria	0.9990004723880047
13c34fe28ee8ad6ad3dd9f9a3aac2c4d	k__Bacteria; p__Bacteroidetes; c__Bacteroidia; o__Bacteroidales; f__S24-7; g__; s__	0.9995830023783419
aacce08526706d5669fc440272ecee98	k__Bacteria; p__Bacteroidetes; c__Bacteroidia; o__Bacteroidales; f__S24-7; g__; s__	0.999936215063689
cc6bf9cf18981cc2607795c459a62426	k__Bacteria; p__Proteobacteria; c__Deltaproteobacteria; o__Desulfovibrionales; f__Desulfovibrionaceae; g__Bilophila; s__	0.8256887607599425
5da8887845fe627f26585e8f1d702845	k__Bacteria; p__Firmicutes; c__Clostridia; o__Clostridiales; f__Ruminococcaceae; g__Ruminococcus; s__	0.9935487622081391
47d61eed802df41fa6e470d4703da5ad	k__Bacteria; p__Firmicutes; c__Clostridia; o__Clostridiales; f__Lachnospiraceae	0.9436576925886626
cd214f483526a1868790a18d0f015352	k__Bacteria; p__Bacteroidetes; c__Bacteroidia; o__Bacteroidales; f__S24-7; g__; s__	0.9996236771964226
648a5f4114de070fb9fea1085ae7d91a	k__Bacteria	0.9915569905829507
1c9c346667c90d7cb68af3d53750e14b	k__Bacteria	0.9971816227363314
aebb131f31f41ffcd0c4e55028ddf7bf	k__Bacteria	0.9883444784000514
7d721a6775f7e4331e3744e2cbc47be1	k__Bacteria; p__Bacteroidetes; c__Bacteroidia; o__Bacteroidales; f__Rikenellaceae; g__; s__	0.9819922263850805
98709df30dd8906aed185ed929927fc0	k__Bacteria	0.9390144064873065
2f1cabeec16a532c8c4826903c08559a	k__Bacteria; p__TM7; c__TM7-3; o__CW040; f__F16; g__; s__	0.9999124208161999
ba2f103575ae641a402112c1181b6251	k__Bacteria; p__Deferribacteres; c__Deferribacteres; o__Deferribacterales; f__Deferribacteraceae; g__Mucispirillum; s__schaedleri	0.9999947806406408
47c3dcfed619f5bda1bc61de74250361	k__Bacteria; p__Firmicutes; c__Clostridia; o__Clostridiales; f__Lachnospiraceae	0.7976279245554823
e8687cfedec3bf3976858965bb6f5b43	k__Bacteria; p__Proteobacteria; c__Alphaproteobacteria; o__RF32; f__; g__; s__	0.9996201587072479
bcc1c339ca21eb71b2b45d664f1cb5da	k__Bacteria; p__Firmicutes; c__Bacilli; o__Bacillales; f__Paenibacillaceae; g__Paenibacillus	0.9662656821004916
68c27c56c0a9a10dd317befe1bd044a6	k__Bacteria; p__Bacteroidetes; c__Bacteroidia; o__Bacteroidales; f__S24-7; g__; s__	0.996218904230568
b30eedc44a8bab2a2d1c88f2be335564	k__Bacteria; p__Bacteroidetes; c__Bacteroidia; o__Bacteroidales; f__[Paraprevotellaceae]; g__[Prevotella]; s__	0.9863525430679463
ebe0adbbac711990a589599989f0dfbc	k__Bacteria; p__Bacteroidetes; c__Bacteroidia; o__Bacteroidales; f__Rikenellaceae; g__; s__	0.9991225905413949
8b192d04f3729cef06579c638ec01a60	k__Bacteria; p__Proteobacteria; c__Gammaproteobacteria; o__Enterobacteriales; f__Enterobacteriaceae; g__Escherichia; s__coli	0.8019804079982029
a03fd6de24a0fa5f10d673c6635e58fa	k__Bacteria; p__Bacteroidetes; c__Bacteroidia; o__Bacteroidales; f__S24-7; g__; s__	0.9980144381030079
5d6285dcdee335ff89734c70aa13644b	k__Bacteria	0.9969503358825642
f1fabbe50822de35bff3d44743624e58	k__Bacteria; p__Bacteroidetes; c__Bacteroidia; o__Bacteroidales; f__S24-7; g__; s__	0.9876284070655041
692adaf1e02709071511c704d814ef6f	k__Bacteria; p__Verrucomicrobia; c__Verrucomicrobiae; o__Verrucomicrobiales; f__Verrucomicrobiaceae; g__Akkermansia; s__muciniphila	0.9999999605175
71fa9a9355a965179653a8a576d133c7	k__Bacteria; p__Bacteroidetes; c__Bacteroidia; o__Bacteroidales; f__S24-7; g__; s__	0.9928411953908388
7448efefc23864826c96550339bd29a1	k__Bacteria; p__Cyanobacteria; c__4C0d-2; o__YS2; f__; g__; s__	0.9998427919256733
996459c1bea7c1ae22afd836861c21dd	k__Bacteria; p__Bacteroidetes; c__Bacteroidia; o__Bacteroidales; f__S24-7; g__; s__	0.9996400725678778
a4f8c98486a57d4b8f57b9560dbda93b	k__Bacteria; p__Firmicutes; c__Clostridia; o__Clostridiales; f__Lachnospiraceae	0.7261920760446495
a709e7b40e2983fd3e768b4145263b9c	k__Bacteria; p__Bacteroidetes; c__Bacteroidia; o__Bacteroidales; f__S24-7; g__; s__	0.9921958702378232
aa04b7872570996031f6eb10b1695858	k__Bacteria; p__Bacteroidetes; c__Bacteroidia; o__Bacteroidales; f__; g__; s__	0.8436026287621411
889658427a34998263b42b601dd7e021	k__Bacteria; p__Firmicutes; c__Clostridia; o__Clostridiales; f__Ruminococcaceae; g__Oscillospira; s__	0.99977799515652
318ed33f50a627bcbc8e688c128be346	k__Bacteria	0.9966983658658287
21ed0dff26631f6029e3fb8c5bf19ede	k__Bacteria; p__Bacteroidetes; c__Bacteroidia; o__Bacteroidales; f__Rikenellaceae; g__; s__	0.9548573815153163
2a14ed49f1cc939db2c29e4b655506fa	k__Bacteria; p__Bacteroidetes; c__Bacteroidia; o__Bacteroidales; f__Bacteroidaceae; g__Bacteroides; s__	0.9996873511736959
74e455e6a8fef0fa30852a16b1a487cb	k__Bacteria; p__Bacteroidetes; c__Bacteroidia; o__Bacteroidales; f__Prevotellaceae; g__Prevotella; s__	0.7517315374328859
9343d1bd8c8955fcf6b6924e46fe3828	k__Bacteria	0.9984698508758434
99de49ee8d851119c03df54571d0ad04	k__Bacteria	0.997273563318879
80b6db07d77b39725f2e060f019223c4	k__Bacteria; p__Bacteroidetes; c__Bacteroidia; o__Bacteroidales; f__Bacteroidaceae; g__Bacteroides; s__acidifaciens	0.7469062130526091
1eea77cf7195b2dbd4492166f4434d45	k__Bacteria; p__Bacteroidetes; c__Bacteroidia; o__Bacteroidales; f__; g__; s__	0.8105104304173226
c50de0f2b1728bb744a3617f8c147caa	k__Bacteria; p__Bacteroidetes; c__Bacteroidia; o__Bacteroidales; f__Rikenellaceae; g__AF12; s__	0.9983814681786547
9776dba6ded9cfedf1569f026f921013	k__Bacteria; p__Firmicutes; c__Clostridia; o__Clostridiales; f__Ruminococcaceae; g__Anaerotruncus; s__	0.9657523098606152
65f576c89e952890e8343793293d8632	k__Bacteria	0.9987928256829481
fb1c5e9ef1fe62a3cea3069ac004f3e2	k__Bacteria; p__Firmicutes; c__Clostridia; o__Clostridiales; f__Lachnospiraceae	0.7656842505085291
1f93e119e1597fc5778a3b72456773ab	k__Bacteria; p__Bacteroidetes; c__Bacteroidia; o__Bacteroidales; f__S24-7; g__; s__	0.9591372729582658
6886d9b9609d592052d8e7085bb82112	k__Bacteria; p__Cyanobacteria; c__4C0d-2; o__YS2; f__; g__; s__	0.9997560572750792
7ad247387a04c76de3aabfc56bc0cbe3	k__Bacteria; p__Firmicutes; c__Clostridia; o__Clostridiales; f__Lachnospiraceae; g__Roseburia; s__	0.7091071898131204
ea71c23ba2952ce8741e62aae99fd36f	k__Bacteria; p__Firmicutes; c__Clostridia; o__Clostridiales	0.9990993890049297
9a6ae6c04253937a0961a9429e1cd532	k__Bacteria; p__Deferribacteres; c__Deferribacteres; o__Deferribacterales; f__Deferribacteraceae; g__Mucispirillum; s__schaedleri	0.9999948279505757
357da945961b2b9a79280193140f6dbd	k__Bacteria; p__Firmicutes; c__Clostridia; o__Clostridiales; f__Lachnospiraceae	0.7556509892024917
5137fbb3063c69e7126ccbee8d7467d9	k__Bacteria; p__Firmicutes; c__Clostridia; o__Clostridiales	0.7862327166775136
923d88b5763e702401b4dd9c40130dab	k__Bacteria; p__Firmicutes; c__Clostridia; o__Clostridiales	0.9991814051166583
cc79a648f9f90f626189222db0232401	k__Bacteria; p__Bacteroidetes; c__Bacteroidia; o__Bacteroidales; f__Bacteroidaceae; g__Bacteroides; s__acidifaciens	0.7773808570503679
f78f2d69d5df219c5bed8e9baf71e4f6	k__Bacteria; p__Bacteroidetes; c__Bacteroidia; o__Bacteroidales; f__Rikenellaceae; g__; s__	0.9994852732936241
a0dac4bd9bbb83d5ff7ffdb8a2658b2a	k__Bacteria; p__Bacteroidetes; c__Bacteroidia; o__Bacteroidales; f__Porphyromonadaceae; g__Parabacteroides; s__	0.9970841379398224
9373680ec001184f91830e5084b8e4d2	k__Bacteria; p__Firmicutes; c__Clostridia; o__Clostridiales; f__Lachnospiraceae	0.8843623832240484
3fa4be1fd1eaa5a5e06015a71837c403	k__Bacteria; p__Proteobacteria; c__Betaproteobacteria; o__Burkholderiales; f__Alcaligenaceae; g__Sutterella; s__	0.9985577468666845
b07282c4e8432590246dc47cf7af3c48	k__Bacteria; p__Actinobacteria; c__Coriobacteriia; o__Coriobacteriales; f__Coriobacteriaceae; g__; s__	0.8148146682648244
adadeece1d6d329a39507c4a3f9f7b42	k__Bacteria; p__Firmicutes; c__Clostridia; o__Clostridiales; f__Lachnospiraceae	0.9209144435034426
194f3afb8abf5fc18ffbbc2a1d7009c3	k__Bacteria; p__Bacteroidetes; c__Bacteroidia; o__Bacteroidales; f__S24-7; g__; s__	0.9907548867350763
ac8ed8ba337ed33a85542865ced0d1d9	k__Bacteria; p__Bacteroidetes; c__Bacteroidia; o__Bacteroidales; f__S24-7; g__; s__	0.9784631875043743
078337ae88a067db8038aeb3b395a58e	k__Bacteria; p__Bacteroidetes; c__Bacteroidia; o__Bacteroidales; f__S24-7; g__; s__	0.9936835273529174
ae189aa66adf1473d9816b3a7378cec5	k__Bacteria; p__Firmicutes; c__Clostridia; o__Clostridiales; f__Ruminococcaceae; g__Oscillospira; s__	0.999624592171577
f8f8ad451a1138af6d368a6e31ced93d	k__Bacteria; p__Firmicutes; c__Clostridia; o__Clostridiales; f__Lachnospiraceae	0.9080990326442349
49f7c750006f4f685bb67b480efe9b3f	k__Bacteria; p__Bacteroidetes; c__Bacteroidia; o__Bacteroidales; f__S24-7; g__; s__	0.9950414894680355
8fe4981586e777866e445a9025d01bfc	k__Bacteria; p__Cyanobacteria; c__4C0d-2; o__YS2; f__; g__; s__	0.997769103655438
8202b101efd655a55c01dfc1cce37d01	k__Bacteria	0.9979409463677229
bf1751716af068ef7a4fbd877ab9d528	k__Bacteria; p__Cyanobacteria; c__4C0d-2; o__YS2; f__; g__; s__	0.9984637399573113
9ab6ec9a37b2ad8f92c5917feafefdee	k__Bacteria	0.99815576397705
ff488d0ad44a11825d5d27115d34c841	k__Bacteria	0.9988548722150516
c33bacd7dd902d5fd1862f1fa2059a26	k__Bacteria; p__Firmicutes; c__Clostridia; o__Clostridiales; f__Lachnospiraceae	0.8256052431233093
66e250fff42a7b3ef72cdb4023ed5bf7	k__Bacteria; p__Firmicutes; c__Clostridia; o__Clostridiales	0.9713227316110257
32399c1518ece7ab3ee38b9f9843c6bb	k__Bacteria; p__Firmicutes; c__Clostridia; o__Clostridiales; f__; g__; s__	0.8057928220463326
9f0352b1173497461dd09c4de49b4534	k__Bacteria; p__Bacteroidetes; c__Bacteroidia; o__Bacteroidales; f__S24-7; g__; s__	0.9995711486986847
51fdc72f8cf2d3e2708aa752633fa694	k__Bacteria; p__Bacteroidetes; c__Bacteroidia; o__Bacteroidales; f__S24-7; g__; s__	0.988412723688335
fe41944fb463b99e2aee053d8074b511	k__Bacteria; p__Bacteroidetes; c__Bacteroidia; o__Bacteroidales; f__Prevotellaceae; g__Prevotella	0.7712211051459079
29cbd041c85a2475d1c2adb55111410b	k__Bacteria; p__Bacteroidetes; c__Bacteroidia; o__Bacteroidales; f__Bacteroidaceae; g__Bacteroides; s__	0.9006760737794559
aa1c7b3efbce5ab258cf7ec86c5a45e2	k__Bacteria; p__Firmicutes; c__Clostridia; o__Clostridiales; f__Lachnospiraceae	0.8321645351409053
01c5087d52fb5ef483689ec5ca525701	k__Bacteria; p__Firmicutes; c__Clostridia; o__Clostridiales; f__Ruminococcaceae; g__Ruminococcus; s__	0.7197123990535056
d90a9f503c8ccc24bb302e5c11daccb9	k__Bacteria; p__Bacteroidetes; c__Bacteroidia; o__Bacteroidales; f__Rikenellaceae; g__; s__	0.9832109423783159
096bf67dbed5229ed76e585795b7b8d7	k__Bacteria; p__Firmicutes; c__Clostridia; o__Clostridiales	0.9996822509038525
48e7f340a5e7097eb6c6124de5d834ec	k__Bacteria; p__Bacteroidetes; c__Bacteroidia; o__Bacteroidales; f__Bacteroidaceae; g__Bacteroides; s__acidifaciens	0.9328531722449791
8dc272ef16e41e4730d49bfee930dce8	k__Bacteria; p__Firmicutes; c__Clostridia; o__Clostridiales; f__Dehalobacteriaceae; g__Dehalobacterium; s__	0.9996516558623151
a4301b57bd68dc5735f0d0a6510382b6	k__Bacteria; p__Firmicutes; c__Clostridia; o__Clostridiales	0.9988957441501347
54b3b8f4dd45dfc9b9ced403500b3377	k__Bacteria; p__Bacteroidetes; c__Bacteroidia; o__Bacteroidales; f__S24-7; g__; s__	0.9775363894207737
1e914d44ed87c06b56dbec1ad7e07e80	k__Bacteria; p__Bacteroidetes; c__Bacteroidia; o__Bacteroidales; f__S24-7; g__; s__	0.9971881908503826
af0bf9262d8c42d687e5984d7f051ff0	k__Bacteria	0.9990970635942962
ffe6a2f7d4f69c7f429ca806f48098b0	k__Bacteria; p__Bacteroidetes; c__Bacteroidia; o__Bacteroidales; f__S24-7; g__; s__	0.9967591801640616
6f1e2f5d942ec472bb8c4780c6c6d1b3	k__Bacteria; p__Bacteroidetes; c__Bacteroidia; o__Bacteroidales; f__S24-7; g__; s__	0.996674371760769
ff0ffc55122f959da7dece542c4763b6	k__Bacteria; p__Firmicutes; c__Clostridia; o__Clostridiales; f__Ruminococcaceae; g__Oscillospira; s__	0.8788631667116843
31f51d63ef5358c46b86b863eca17bfc	k__Bacteria; p__Bacteroidetes; c__Bacteroidia; o__Bacteroidales; f__S24-7; g__; s__	0.9994476825781072
91485e54a33750c467d796d861dd7883	k__Bacteria; p__Proteobacteria; c__Gammaproteobacteria; o__Enterobacteriales; f__Enterobacteriaceae	0.9998807072502721
7a35a35998f238df4981ee904118528b	k__Bacteria; p__Bacteroidetes; c__Bacteroidia; o__Bacteroidales; f__S24-7; g__; s__	0.9811407579355125
6bf66e10edadc6b466eca0fee5bff756	k__Bacteria	0.9956099231814555
b90c950279d4e5488e6a5d38d31c2bf4	k__Bacteria	0.997396438485149
e8df50e27df45293c09458a8217c3333	k__Bacteria; p__Bacteroidetes; c__Bacteroidia; o__Bacteroidales; f__Porphyromonadaceae; g__Parabacteroides; s__distasonis	0.9997155332270008
c824904363a37980202117c170e43d64	k__Bacteria; p__Tenericutes; c__Mollicutes; o__RF39; f__; g__; s__	0.9437968296256115
8248503335e0aa1de9b5e4fd43e48616	k__Bacteria; p__Actinobacteria; c__Coriobacteriia; o__Coriobacteriales; f__Coriobacteriaceae	0.8574704880386066
857629455f4f9854969e7ef0d2a244de	k__Bacteria; p__Firmicutes; c__Clostridia; o__Clostridiales; f__Ruminococcaceae; g__Oscillospira; s__	0.8734626281183849
b90d8c98081a9deeec3ac6e2d9e929bb	k__Bacteria; p__Bacteroidetes; c__Bacteroidia; o__Bacteroidales; f__S24-7; g__; s__	0.9848923659155747
702a362c4d59a6459686a20ef5c594ed	k__Bacteria; p__Firmicutes; c__Clostridia; o__Clostridiales	0.9996640590074342
5caace310a750cb017310b89764e92cb	k__Bacteria; p__Proteobacteria; c__Deltaproteobacteria; o__Desulfovibrionales; f__Desulfovibrionaceae; g__Desulfovibrio; s__C21_c20	0.9999983736716311
6de2215aef01edebb9e8b50cde7ab8f6	k__Bacteria; p__Bacteroidetes; c__Bacteroidia; o__Bacteroidales; f__S24-7; g__; s__	0.9995966667488949
15401aa5a840fae398093d5073861cd7	k__Bacteria; p__Bacteroidetes	0.8127912029765979
9636324a1c0a268a30e41e2c9d5dcaaf	k__Bacteria; p__Bacteroidetes; c__Bacteroidia; o__Bacteroidales; f__Rikenellaceae; g__AF12; s__	0.9935218073213856
2a20349fce54501211ef74b78b8902b5	k__Bacteria; p__Bacteroidetes; c__Bacteroidia; o__Bacteroidales; f__Rikenellaceae; g__; s__	0.9748353756688778
f75bc757def8448a8421a7a117eb891f	k__Bacteria	0.9862546578426065
f8d67b0f813ae5bf9dc774d48d5c69b0	k__Bacteria	0.994594347292767
36ba8b0d592ed47c6b6c3296d6267b39	k__Bacteria; p__Firmicutes; c__Clostridia; o__Clostridiales; f__Lachnospiraceae	0.8337072340343156
236057f51d46cedd54bcedf81d3e1400	k__Bacteria; p__Bacteroidetes; c__Bacteroidia; o__Bacteroidales; f__S24-7; g__; s__	0.9995872996928462
f6db3b02283873a2e56a8e6ed1da0ac4	k__Bacteria; p__Firmicutes; c__Clostridia; o__Clostridiales	0.9966461921838169
ef4bee2f457429b445f7d523cdfbd94a	k__Bacteria	0.9940972556811867
d07e07ae6f11bf1f81b5cec5aaf088da	k__Bacteria; p__Bacteroidetes; c__Bacteroidia; o__Bacteroidales; f__; g__; s__	0.8275317009512667
45204cbcee7850012faf76f6738af94f	k__Bacteria; p__Firmicutes; c__Bacilli; o__Lactobacillales; f__Lactobacillaceae; g__Lactobacillus	0.9960396292330843
0284b863d754cae4dd52d2c89539d671	k__Bacteria; p__Firmicutes; c__Clostridia; o__Clostridiales	0.9937443410700944
3d172f7106eca2d628e331b2ffea4ba6	k__Bacteria; p__Bacteroidetes; c__Bacteroidia; o__Bacteroidales; f__S24-7; g__; s__	0.9690477664377873
9f3e99b2b17e8e92100d68bd6240f5b7	k__Bacteria; p__Bacteroidetes; c__Bacteroidia; o__Bacteroidales; f__S24-7; g__; s__	0.998482883400628
10da9761ac913b632bd6492431fde802	k__Bacteria; p__Firmicutes; c__Clostridia; o__Clostridiales	0.9832118687022089
7165f9addc8e97e1248de9a81f374e39	k__Bacteria	0.9970549986147255
63eba757b1ba176c59608c8d71047337	k__Bacteria; p__Firmicutes; c__Clostridia; o__Clostridiales; f__Ruminococcaceae; g__Oscillospira; s__	0.9781883315894654
5ea91f41e8e172d7853de73540e71102	k__Bacteria; p__Bacteroidetes; c__Bacteroidia; o__Bacteroidales; f__S24-7; g__; s__	0.9940042525335525
c12e7217aa887905d35f52add7ed3697	k__Bacteria; p__Firmicutes; c__Bacilli; o__Lactobacillales; f__Lactobacillaceae; g__Lactobacillus; s__	0.8536586508504298
f9ed0c6e758aa7005e9e15c49185bd28	k__Bacteria; p__Bacteroidetes; c__Bacteroidia; o__Bacteroidales; f__; g__; s__	0.8568183502191227
f8218b0fe2671074a339974d4b707482	k__Bacteria; p__Bacteroidetes; c__Bacteroidia; o__Bacteroidales; f__S24-7; g__; s__	0.9997144480616497
499bfe7b916f9863e0cc1f1ea93bb6df	k__Bacteria	0.997248291198725
c497a051d7b03617739fc71b6abb6682	k__Bacteria; p__Proteobacteria	0.8331163035892071
